"","branch_code","time_block","tree","treatment","arachnids","lepidoptera","diptera","coleoptera","hymenoptera","hemiptera","aquatics","gastropods","orthopterids","exo","guild"
"1","BY7C",1,"Barberry","control",1,1,0,3,0,2,0,0,0,"Non-native",1
"2","AB9B",1,"Beech","bag",9,4,0,1,1,5,0,0,0,"Native",9
"3","BB11C",1,"Sweet Birch","control",2,1,0,10,1,3,0,0,0,"Native",2
"4","BY6B",1,"Barberry","bag",10,1,1,1,1,14,0,0,0,"Non-native",10
"5","HS1C",1,"Honeysuckle","control",3,1,2,9,1,1,0,0,0,"Non-native",3
"6","BY7B",1,"Barberry","bag",8,0,1,0,4,8,0,0,1,"Non-native",8
"7","AB9C",1,"Beech","control",5,0,1,4,2,9,0,0,0,"Native",5
"8","SM1C",1,"Striped Maple","control",1,0,0,1,4,1,0,0,0,"Native",1
"9","BB11B",1,"Sweet Birch","bag",5,3,1,4,0,4,0,0,0,"Native",5
"10","SM1B",1,"Striped Maple","bag",2,1,0,0,1,3,0,0,0,"Native",2
"11","WH4B",1,"Witch-hazel","bag",4,2,0,8,3,2,3,0,0,"Native",4
"12","BB12C",1,"Sweet Birch","control",4,0,0,0,0,7,0,0,0,"Native",4
"13","HS2B",1,"Honeysuckle","bag",8,1,3,4,2,4,0,0,0,"Non-native",8
"14","BY6C",1,"Barberry","control",19,1,0,1,1,2,0,0,0,"Non-native",19
"15","HS2C",1,"Honeysuckle","control",6,0,0,7,0,6,0,0,0,"Non-native",6
"16","HS1B",1,"Honeysuckle","bag",6,0,4,7,3,7,0,0,0,"Non-native",6
"17","MW2C",1,"Musclewood","control",3,2,1,8,2,6,0,0,0,"Native",3
"18","BC4B",1,"Shadbush","bag",5,0,1,2,1,2,0,0,1,"Native",5
"19","AO1C",1,"Autumn Olive","control",7,1,3,4,2,7,0,0,0,"Non-native",7
"20","AO1B",1,"Autumn Olive","bag",6,1,9,5,3,20,1,0,0,"Non-native",6
"21","WE1B",1,"Burning Bush","bag",7,0,4,11,3,1,0,0,0,"Non-native",7
"22","BB12B",1,"Sweet Birch","bag",5,0,0,5,0,5,0,0,0,"Native",5
"23","WH3C",1,"Witch-hazel","control",3,0,2,13,8,1,2,0,1,"Native",3
"24","BC4C",1,"Shadbush","control",1,1,0,1,2,8,0,0,1,"Native",1
"25","SM2B",1,"Striped Maple","bag",9,1,3,13,10,6,3,0,3,"Native",9
"26","SM2C",1,"Striped Maple","control",1,0,1,6,1,3,0,0,0,"Native",1
"27","WH4C",1,"Witch-hazel","control",5,1,0,1,4,0,5,0,1,"Native",5
"28","AO8C",1,"Autumn Olive","control",7,1,0,1,0,2,0,0,0,"Non-native",7
"29","WE1C",1,"Burning Bush","control",2,0,1,5,14,1,0,0,0,"Non-native",2
"30","WE9C",1,"Burning Bush","control",7,0,0,2,3,3,0,0,0,"Non-native",7
"31","WH3B",1,"Witch-hazel","bag",5,1,0,10,3,1,0,0,0,"Native",5
"32","MW1C",1,"Musclewood","control",6,1,1,10,7,29,0,0,1,"Native",6
"33","WE9B",1,"Burning Bush","bag",11,1,0,1,15,1,2,0,0,"Non-native",11
"34","AB1B",1,"Beech","bag",3,1,1,2,1,0,2,0,0,"Native",3
"35","AB1C",1,"Beech","control",6,0,0,4,0,2,0,0,0,"Native",6
"36","AO8B",1,"Autumn Olive","bag",3,0,0,2,8,1,2,0,0,"Non-native",3
"37","MW1B",1,"Musclewood","bag",12,1,1,24,2,34,4,0,3,"Native",12
"38","MW2B",1,"Musclewood","bag",10,1,2,6,3,8,0,0,0,"Native",10
"39","WH1C",1,"Witch-hazel","control",1,0,1,2,8,0,0,0,0,"Native",1
"40","BB1B",1,"Sweet Birch","bag",12,0,1,1,1,15,0,0,0,"Native",12
"41","WH1B",1,"Witch-hazel","bag",11,0,3,4,1,4,2,0,0,"Native",11
"42","WH2B",1,"Witch-hazel","bag",5,1,5,9,1,7,0,0,0,"Native",5
"43","AO3C",1,"Autumn Olive","control",3,1,0,4,1,1,0,0,0,"Non-native",3
"44","MW4B",1,"Musclewood","bag",5,0,3,7,2,3,2,0,0,"Native",5
"45","MW3B",1,"Musclewood","bag",4,0,0,3,0,1,2,0,0,"Native",4
"46","AB10C",1,"Beech","control",2,1,0,3,0,2,0,0,1,"Native",2
"47","MW4C",1,"Musclewood","control",5,1,2,8,4,3,2,0,0,"Native",5
"48","AB10B",1,"Beech","bag",3,1,1,1,2,8,0,0,0,"Native",3
"49","AO2C",1,"Autumn Olive","control",5,0,2,3,1,10,0,0,0,"Non-native",5
"50","BB2B",1,"Sweet Birch","bag",2,0,1,4,3,7,1,0,0,"Native",2
"51","WE7B",1,"Burning Bush","bag",9,2,2,4,0,2,0,0,0,"Non-native",9
"52","HS4B",1,"Honeysuckle","bag",10,1,1,0,1,5,2,0,0,"Non-native",10
"53","SM4B",1,"Striped Maple","bag",10,0,0,3,0,57,0,0,1,"Native",10
"54","BY1B",1,"Barberry","bag",8,0,3,4,2,5,0,0,0,"Non-native",8
"55","AB11B",1,"Beech","bag",5,1,0,3,0,1,0,0,0,"Native",5
"56","BB1C",1,"Sweet Birch","control",2,0,5,3,0,12,0,0,0,"Native",2
"57","AO3B",1,"Autumn Olive","bag",7,1,0,23,15,15,0,0,1,"Non-native",7
"58","AB11C",1,"Beech","control",1,1,0,3,0,4,0,0,0,"Native",1
"59","MW3C",1,"Musclewood","control",3,0,0,3,2,5,0,0,1,"Native",3
"60","WE8B",1,"Burning Bush","bag",10,1,0,2,4,6,0,0,0,"Non-native",10
"61","HS4C",1,"Honeysuckle","control",8,0,0,3,0,1,0,0,0,"Non-native",8
"62","WE7C",1,"Burning Bush","control",3,2,1,2,0,5,0,0,0,"Non-native",3
"63","WE8C",1,"Burning Bush","control",11,0,2,2,1,4,0,0,0,"Non-native",11
"64","HS3B",1,"Honeysuckle","bag",3,2,0,1,1,1,0,0,0,"Non-native",3
"65","WH2C",1,"Witch-hazel","control",3,0,2,3,3,2,0,0,0,"Native",3
"66","SM4C",1,"Striped Maple","control",2,0,1,0,1,14,2,0,0,"Native",2
"67","BY1C",1,"Barberry","control",16,0,1,1,0,5,0,0,0,"Non-native",16
"68","AO2B",1,"Autumn Olive","bag",5,0,0,5,0,1,0,0,0,"Non-native",5
"69","BY2C",1,"Barberry","control",4,0,0,3,0,1,0,0,0,"Non-native",4
"70","SM3C",1,"Striped Maple","control",2,1,0,1,1,5,0,0,0,"Native",2
"71","BB2C",1,"Sweet Birch","control",3,0,0,2,0,5,1,0,0,"Native",3
"72","BY2B",1,"Barberry","bag",11,0,1,0,0,1,0,0,0,"Non-native",11
"73","HS3C",1,"Honeysuckle","control",2,1,2,0,1,3,0,0,1,"Non-native",2
"74","SM3B",1,"Striped Maple","bag",13,1,0,1,0,10,1,0,0,"Native",13
"75","AO5B",1,"Autumn Olive","bag",7,2,2,15,0,42,2,0,1,"Non-native",7
"76","SM6B",1,"Striped Maple","bag",13,0,2,5,2,19,0,0,0,"Native",13
"77","SM5C",1,"Striped Maple","control",4,0,1,4,1,40,0,0,0,"Native",4
"78","BY5B",1,"Barberry","bag",16,2,0,0,1,30,0,0,1,"Non-native",16
"79","WH6B",1,"Witch-hazel","bag",12,1,3,1,0,5,0,0,2,"Native",12
"80","BC3C",1,"Shadbush","control",1,0,1,1,4,67,0,0,0,"Native",1
"81","BC1C",1,"Shadbush","control",1,1,2,0,1,7,0,0,2,"Native",1
"82","MW6C",1,"Musclewood","control",2,1,1,2,2,5,0,0,1,"Native",2
"83","WE3B",1,"Burning Bush","bag",7,0,20,5,0,3,3,0,0,"Non-native",7
"84","AB2C",1,"Beech","control",199,0,1,0,2,1,2,0,0,"Native",199
"85","BB4B",1,"Sweet Birch","bag",11,0,4,7,6,3,6,0,0,"Native",11
"86","AB12B",1,"Beech","bag",5,1,2,1,1,8,1,0,0,"Native",5
"87","HS6B",1,"Honeysuckle","bag",10,1,2,4,0,2,0,0,0,"Non-native",10
"88","WE3C",1,"Burning Bush","control",14,0,14,6,0,1,0,0,0,"Non-native",14
"89","AB12C",1,"Beech","control",3,0,1,1,0,8,1,0,1,"Native",3
"90","BC1B",1,"Shadbush","bag",4,0,5,4,3,7,3,0,2,"Native",4
"91","WE2B",1,"Burning Bush","bag",9,2,1,9,2,3,2,0,0,"Non-native",9
"92","WH5C",1,"Witch-hazel","control",3,0,0,1,1,2,0,0,1,"Native",3
"93","HS6C",1,"Honeysuckle","control",1,0,3,1,1,1,0,0,0,"Non-native",1
"94","BC3B",1,"Shadbush","bag",5,0,2,3,1,5,1,0,0,"Native",5
"95","AB2B",1,"Beech","bag",5,4,4,7,2,2,1,0,0,"Native",5
"96","BB4C",1,"Sweet Birch","control",2,1,0,0,3,1,1,0,0,"Native",2
"97","AO5C",1,"Autumn Olive","control",5,0,2,9,0,50,0,0,0,"Non-native",5
"98","HS5C",1,"Honeysuckle","control",9,1,1,5,2,15,0,0,0,"Non-native",9
"99","BY5C",1,"Barberry","control",6,0,0,0,1,7,0,0,0,"Non-native",6
"100","HS5B",1,"Honeysuckle","bag",13,2,11,0,1,20,0,0,1,"Non-native",13
"101","BY4B",1,"Barberry","bag",10,0,1,2,1,6,0,0,0,"Non-native",10
"102","WH5B",1,"Witch-hazel","bag",17,1,0,3,4,5,0,0,1,"Native",17
"103","AO4C",1,"Autumn Olive","control",10,1,7,7,0,33,0,0,0,"Non-native",10
"104","SM6C",1,"Striped Maple","control",3,0,0,2,0,7,1,0,0,"Native",3
"105","AO4B",1,"Autumn Olive","bag",3,1,6,21,1,47,0,0,0,"Non-native",3
"106","SM5B",1,"Striped Maple","bag",3,0,0,4,0,19,0,0,2,"Native",3
"107","MW5B",1,"Musclewood","bag",15,4,0,6,13,13,2,0,0,"Native",15
"108","BB3C",1,"Sweet Birch","control",2,3,1,8,0,26,3,0,0,"Native",2
"109","BB3B",1,"Sweet Birch","bag",6,1,2,5,2,22,0,0,1,"Native",6
"110","WH6C",1,"Witch-hazel","control",5,2,0,0,3,3,0,0,0,"Native",5
"111","BY4C",1,"Barberry","control",1,0,0,0,1,16,0,0,0,"Non-native",1
"112","MW5C",1,"Musclewood","control",8,1,1,3,3,26,0,0,0,"Native",8
"113","MW6B",1,"Musclewood","bag",13,1,1,3,1,12,1,0,0,"Native",13
"114","WE2C",1,"Burning Bush","control",10,0,0,6,0,0,0,0,0,"Non-native",10
"115","AO7C",1,"Autumn Olive","control",3,1,1,0,0,2,2,0,1,"Non-native",3
"116","BY9C",1,"Barberry","control",10,0,0,2,0,8,0,0,0,"Non-native",10
"117","WE5C",1,"Burning Bush","control",7,0,1,3,2,5,0,0,0,"Non-native",7
"118","WE5B",1,"Burning Bush","bag",8,0,0,2,1,6,0,0,0,"Non-native",8
"119","HS7B",1,"Honeysuckle","bag",8,0,4,0,1,2,0,0,1,"Non-native",8
"120","BY3C",1,"Barberry","control",6,1,0,3,0,5,0,0,0,"Non-native",6
"121","WH7C",1,"Witch-hazel","control",1,0,0,3,0,1,0,0,0,"Native",1
"122","WH7B",1,"Witch-hazel","bag",17,0,4,3,0,1,0,0,0,"Native",17
"123","BY3B",1,"Barberry","bag",7,0,0,0,0,4,0,0,0,"Non-native",7
"124","HS8C",1,"Honeysuckle","control",5,2,0,0,0,5,0,0,1,"Non-native",5
"125","MW7B",1,"Musclewood","bag",9,1,1,10,1,6,0,0,0,"Native",9
"126","WE4C",1,"Burning Bush","control",2,0,0,3,0,7,1,0,1,"Non-native",2
"127","WE4B",1,"Burning Bush","bag",5,1,3,0,1,14,2,1,0,"Non-native",5
"128","MW7C",1,"Musclewood","control",2,0,1,0,0,15,0,0,0,"Native",2
"129","HS7C",1,"Honeysuckle","control",4,0,3,1,0,2,0,0,0,"Non-native",4
"130","AO6B",1,"Autumn Olive","bag",1,2,3,13,0,0,0,0,0,"Non-native",1
"131","AO7B",1,"Autumn Olive","bag",4,1,1,9,0,3,4,2,1,"Non-native",4
"132","BY9B",1,"Barberry","bag",18,0,1,2,1,8,0,0,0,"Non-native",18
"133","HS8B",1,"Honeysuckle","bag",7,0,0,2,2,2,1,1,0,"Non-native",7
"134","AO6C",1,"Autumn Olive","control",2,0,0,3,0,0,1,0,0,"Non-native",2
"135","MW8C",1,"Musclewood","control",1,0,0,2,3,83,3,0,1,"Native",1
"136","WH8C",1,"Witch-hazel","control",1,3,0,3,0,2,6,0,1,"Native",1
"137","BB6C",1,"Sweet Birch","control",2,0,2,1,0,0,0,0,1,"Native",2
"138","SM7B",1,"Striped Maple","bag",6,1,3,2,1,1,3,0,2,"Native",6
"139","AB3B",1,"Beech","bag",4,2,0,2,0,4,2,0,0,"Native",4
"140","SM7C",1,"Striped Maple","control",1,1,1,5,0,3,8,0,0,"Native",1
"141","BC8B",1,"Shadbush","bag",0,5,0,10,0,10,0,0,3,"Native",0
"142","AB3C",1,"Beech","control",1,0,1,1,0,5,2,0,0,"Native",1
"143","BB5C",1,"Sweet Birch","control",0,0,1,0,0,2,3,0,1,"Native",0
"144","SM8C",1,"Striped Maple","control",2,0,2,1,1,4,0,0,0,"Native",2
"145","AB4B",1,"Beech","bag",2,1,0,1,0,3,0,0,0,"Native",2
"146","BC2C",1,"Shadbush","control",0,2,0,1,2,1,0,0,0,"Native",0
"147","MW8B",1,"Musclewood","bag",2,0,0,2,2,23,1,0,1,"Native",2
"148","BB5B",1,"Sweet Birch","bag",4,1,1,5,1,3,7,0,0,"Native",4
"149","BB6B",1,"Sweet Birch","bag",2,1,1,1,1,4,1,0,1,"Native",2
"150","SM8B",1,"Striped Maple","bag",1,0,0,3,1,5,3,0,0,"Native",1
"151","BC2B",1,"Shadbush","bag",3,2,0,1,1,5,1,0,2,"Native",3
"152","AB4C",1,"Beech","control",1,1,2,1,0,3,1,0,1,"Native",1
"153","BC8C",1,"Shadbush","control",3,1,0,0,0,2,1,0,2,"Native",3
"154","WH8B",1,"Witch-hazel","bag",3,1,2,0,0,2,1,0,1,"Native",3
"155","HS9C",1,"Honeysuckle","control",3,0,1,1,2,4,1,0,2,"Non-native",3
"156","MW9B",1,"Musclewood","bag",6,0,1,2,1,0,1,0,0,"Native",6
"157","BY10B",1,"Barberry","bag",15,0,1,4,1,12,2,0,0,"Non-native",15
"158","WE6B",1,"Burning Bush","bag",13,2,0,1,0,8,0,0,0,"Non-native",13
"159","SM10B",1,"Striped Maple","bag",6,1,1,2,1,2,1,0,0,"Native",6
"160","BB7B",1,"Sweet Birch","bag",5,2,0,1,0,4,0,1,1,"Native",5
"161","WH9C",1,"Witch-hazel","control",5,2,0,4,0,1,0,0,0,"Native",5
"162","BY10C",1,"Barberry","control",13,0,0,1,1,2,0,0,0,"Non-native",13
"163","BB7C",1,"Sweet Birch","control",1,0,0,5,0,7,0,0,0,"Native",1
"164","AO9B",1,"Autumn Olive","bag",7,0,0,9,2,2,1,0,1,"Non-native",7
"165","AO10B",1,"Autumn Olive","bag",15,3,1,14,27,3,0,0,0,"Non-native",15
"166","HS10B",1,"Honeysuckle","bag",7,0,0,1,3,6,0,0,1,"Non-native",7
"167","SM10C",1,"Striped Maple","control",7,0,1,0,2,5,0,0,0,"Native",7
"168","BC9B",1,"Shadbush","bag",5,0,1,1,0,5,1,0,0,"Native",5
"169","MW10B",1,"Musclewood","bag",3,5,0,9,0,10,7,0,0,"Native",3
"170","WH10B",1,"Witch-hazel","bag",13,2,1,5,0,0,1,0,0,"Native",13
"171","AB5B",1,"Beech","bag",3,2,1,3,0,2,0,0,0,"Native",3
"172","BC9C",1,"Shadbush","control",2,1,0,1,0,15,0,0,0,"Native",2
"173","HS9B",1,"Honeysuckle","bag",8,1,0,13,0,12,0,0,0,"Non-native",8
"174","AO9C",1,"Autumn Olive","control",0,3,3,15,15,104,0,0,0,"Non-native",0
"175","SM9B",1,"Striped Maple","bag",8,0,2,7,1,3,1,0,0,"Native",8
"176","AB6B",1,"Beech","bag",8,0,3,2,0,4,0,0,2,"Native",8
"177","WE10B",1,"Burning Bush","bag",3,1,0,2,1,0,3,0,0,"Non-native",3
"178","WE6C",1,"Burning Bush","control",16,2,0,2,0,1,0,0,0,"Non-native",16
"179","WH9B",1,"Witch-hazel","bag",6,0,0,4,1,1,0,0,2,"Native",6
"180","BY8C",1,"Barberry","control",5,2,1,2,0,1,0,0,2,"Non-native",5
"181","BB8B",1,"Sweet Birch","bag",2,0,2,3,0,0,0,0,0,"Native",2
"182","BY8B",1,"Barberry","bag",30,1,0,4,1,10,0,0,0,"Non-native",30
"183","BB8C",1,"Sweet Birch","control",1,0,1,2,2,1,0,0,0,"Native",1
"184","AB5C",1,"Beech","control",0,0,1,3,1,0,0,0,0,"Native",0
"185","MW10C",1,"Musclewood","control",2,1,0,13,0,4,1,0,0,"Native",2
"186","BC10B",1,"Shadbush","bag",8,1,13,1,3,58,0,0,0,"Native",8
"187","AO10C",1,"Autumn Olive","control",1,0,2,1,2,3,0,0,0,"Non-native",1
"188","MW9C",1,"Musclewood","control",1,1,2,3,1,2,1,0,2,"Native",1
"189","BC10C",1,"Shadbush","control",4,1,1,2,1,3,0,0,2,"Native",4
"190","HS10C",1,"Honeysuckle","control",3,0,0,1,10,8,0,0,1,"Non-native",3
"191","AB6C",1,"Beech","control",1,1,0,5,0,0,0,0,0,"Native",1
"192","SM9C",1,"Striped Maple","control",1,0,0,1,1,2,0,0,0,"Native",1
"193","WE10C",1,"Burning Bush","control",6,0,2,2,0,1,1,0,1,"Non-native",6
"194","WH10C",1,"Witch-hazel","control",1,0,0,1,0,2,0,0,0,"Native",1
"195","MW12B",1,"Musclewood","bag",5,0,0,7,0,10,4,0,0,"Native",5
"196","WE12B",1,"Burning Bush","bag",33,2,0,2,2,7,1,0,0,"Non-native",33
"197","AO12C",1,"Autumn Olive","control",6,0,0,4,2,3,0,0,0,"Non-native",6
"198","BC11B",1,"Shadbush","bag",3,0,1,1,4,9,0,0,1,"Native",3
"199","SM12C",1,"Striped Maple","control",2,2,0,0,11,1,0,0,1,"Native",2
"200","HS12C",1,"Honeysuckle","control",1,0,0,0,5,3,0,3,0,"Non-native",1
"201","WE12C",1,"Burning Bush","control",9,1,1,1,1,2,0,0,0,"Non-native",9
"202","HS11C",1,"Honeysuckle","control",22,0,1,3,0,20,0,0,0,"Non-native",22
"203","SM12B",1,"Striped Maple","bag",6,1,2,3,0,5,0,0,1,"Native",6
"204","BB9B",1,"Sweet Birch","bag",4,2,1,2,1,2,0,0,0,"Native",4
"205","AO11B",1,"Autumn Olive","bag",25,0,1,3,1,3,3,0,1,"Non-native",25
"206","AO12B",1,"Autumn Olive","bag",9,0,1,20,0,5,0,0,0,"Non-native",9
"207","HS12B",1,"Honeysuckle","bag",8,1,0,1,7,9,0,33,0,"Non-native",8
"208","WH11B",1,"Witch-hazel","bag",9,0,0,3,1,0,0,0,1,"Native",9
"209","AB8C",1,"Beech","control",1,0,0,0,0,1,0,0,0,"Native",1
"210","AB7C",1,"Beech","control",0,0,1,1,0,1,0,0,0,"Native",0
"211","MW12C",1,"Musclewood","control",7,1,0,4,1,18,1,0,1,"Native",7
"212","AB8B",1,"Beech","bag",4,2,0,0,0,2,0,1,0,"Native",4
"213","BY12C",1,"Barberry","control",11,0,0,0,0,0,0,1,0,"Non-native",11
"214","WE11B",1,"Burning Bush","bag",7,1,0,0,1,2,1,1,0,"Non-native",7
"215","BB10B",1,"Sweet Birch","bag",1,1,1,5,1,1,0,0,1,"Native",1
"216","WE11C",1,"Burning Bush","control",13,0,0,1,6,15,4,0,2,"Non-native",13
"217","MW11B",1,"Musclewood","bag",4,1,0,0,2,0,2,0,1,"Native",4
"218","BC11C",1,"Shadbush","control",2,0,0,5,1,4,0,0,1,"Native",2
"219","AB7B",1,"Beech","bag",8,3,0,2,1,4,0,0,0,"Native",8
"220","WH11C",1,"Witch-hazel","control",1,1,0,4,0,1,0,0,1,"Native",1
"221","MW11C",1,"Musclewood","control",1,2,0,3,1,2,2,0,0,"Native",1
"222","SM11C",1,"Striped Maple","control",0,0,0,2,1,1,0,0,0,"Native",0
"223","BB9C",1,"Sweet Birch","control",0,0,0,0,0,2,0,0,0,"Native",0
"224","BY11B",1,"Barberry","bag",16,1,0,1,2,7,1,0,0,"Non-native",16
"225","BY12B",1,"Barberry","bag",5,0,1,0,0,2,0,5,0,"Non-native",5
"226","WH12C",1,"Witch-hazel","control",1,2,0,1,0,0,0,0,2,"Native",1
"227","BC12B",1,"Shadbush","bag",3,2,0,0,0,0,0,0,0,"Native",3
"228","BB10C",1,"Sweet Birch","control",0,0,0,0,0,0,0,0,1,"Native",0
"229","WH12B",1,"Witch-hazel","bag",4,2,0,1,0,3,0,0,0,"Native",4
"230","SM11B",1,"Striped Maple","bag",6,0,1,3,1,2,0,0,1,"Native",6
"231","AO11C",1,"Autumn Olive","control",0,0,1,2,1,1,2,0,0,"Non-native",0
"232","BC12C",1,"Shadbush","control",1,0,0,1,2,0,0,0,0,"Native",1
"233","BY11C",1,"Barberry","control",8,0,0,0,1,0,2,0,0,"Non-native",8
"234","HS11B",1,"Honeysuckle","bag",13,2,0,4,1,7,0,0,0,"Non-native",13
"235","MW1B",2,"Musclewood","bag",14,0,2,3,0,4,0,0,1,"Native",14
"236","BB11B",2,"Sweet Birch","bag",16,0,0,4,1,2,0,0,0,"Native",16
"237","BB12B",2,"Sweet Birch","bag",12,1,0,2,1,8,1,0,0,"Native",12
"238","BB12C",2,"Sweet Birch","control",5,0,0,3,2,6,0,0,0,"Native",5
"239","MW2C",2,"Musclewood","control",3,1,0,2,2,2,0,0,0,"Native",3
"240","SM1B",2,"Striped Maple","bag",15,1,0,1,0,1,0,0,0,"Native",15
"241","AB9B",2,"Beech","bag",25,1,0,1,0,3,0,0,1,"Native",25
"242","BC4B",2,"Shadbush","bag",5,0,0,3,6,63,0,0,0,"Native",5
"243","SM2B",2,"Striped Maple","bag",12,2,1,4,0,5,1,0,2,"Native",12
"244","HS2B",2,"Honeysuckle","bag",8,1,1,3,4,9,0,0,0,"Non-native",8
"245","WH4C",2,"Witch-hazel","control",6,0,1,9,0,13,2,0,1,"Native",6
"246","HS1B",2,"Honeysuckle","bag",6,0,0,18,8,6,0,0,0,"Non-native",6
"247","WH3C",2,"Witch-hazel","control",9,0,1,6,0,3,2,0,1,"Native",9
"248","MW1C",2,"Musclewood","control",10,0,0,4,3,9,0,0,0,"Native",10
"249","WH3B",2,"Witch-hazel","bag",8,1,0,0,0,0,0,0,0,"Native",8
"250","WH4B",2,"Witch-hazel","bag",9,1,0,5,0,5,1,0,0,"Native",9
"251","WE1B",2,"Burning Bush","bag",10,0,0,9,1,3,1,0,0,"Non-native",10
"252","BY7B",2,"Barberry","bag",4,0,0,1,3,2,0,0,0,"Non-native",4
"253","BB11C",2,"Sweet Birch","control",2,1,0,6,0,6,0,0,0,"Native",2
"254","AO1C",2,"Autumn Olive","control",6,1,0,6,0,4,1,0,2,"Non-native",6
"255","HS1C",2,"Honeysuckle","control",9,1,0,5,1,6,0,0,0,"Non-native",9
"256","HS2C",2,"Honeysuckle","control",7,0,0,2,3,3,0,0,0,"Non-native",7
"257","WE1C",2,"Burning Bush","control",9,0,0,2,1,1,0,0,0,"Non-native",9
"258","AB9C",2,"Beech","control",3,0,0,5,1,6,1,0,0,"Native",3
"259","BY6C",2,"Barberry","control",23,0,0,6,2,1,0,0,0,"Non-native",23
"260","BY6B",2,"Barberry","bag",22,2,0,0,1,1,1,0,0,"Non-native",22
"261","BY7C",2,"Barberry","control",2,0,0,3,1,1,0,0,0,"Non-native",2
"262","MW2B",2,"Musclewood","bag",9,1,1,1,1,6,0,0,0,"Native",9
"263","AB1C",2,"Beech","control",4,0,1,6,0,6,1,0,1,"Native",4
"264","AB1B",2,"Beech","bag",5,0,0,2,0,1,0,0,1,"Native",5
"265","WE9B",2,"Burning Bush","bag",8,0,0,0,0,2,4,0,1,"Non-native",8
"266","WE9C",2,"Burning Bush","control",2,1,0,0,1,1,1,0,0,"Non-native",2
"267","SM1C",2,"Striped Maple","control",3,0,2,0,1,1,0,0,0,"Native",3
"268","SM2C",2,"Striped Maple","control",2,1,0,0,2,1,1,0,0,"Native",2
"269","AO8C",2,"Autumn Olive","control",5,0,1,11,0,5,0,0,0,"Non-native",5
"270","AO8B",2,"Autumn Olive","bag",9,0,0,2,0,5,0,0,0,"Non-native",9
"271","BC4C",2,"Shadbush","control",3,0,0,1,0,304,0,0,0,"Native",3
"272","AO1B",2,"Autumn Olive","bag",9,0,0,9,2,2,1,0,0,"Non-native",9
"273","HS4C",2,"Honeysuckle","control",8,0,0,0,1,1,0,0,1,"Non-native",8
"274","AB11B",2,"Beech","bag",6,1,0,3,0,3,1,0,0,"Native",6
"275","BB1B",2,"Sweet Birch","bag",15,0,0,10,1,49,0,0,3,"Native",15
"276","BB2B",2,"Sweet Birch","bag",2,1,0,1,0,1,0,0,0,"Native",2
"277","AB10C",2,"Beech","control",2,0,0,2,0,0,0,0,0,"Native",2
"278","AO2C",2,"Autumn Olive","control",3,0,0,0,0,5,0,0,1,"Non-native",3
"279","AB11C",2,"Beech","control",3,0,0,1,0,5,0,0,0,"Native",3
"280","BB2C",2,"Sweet Birch","control",2,0,0,2,3,0,0,0,0,"Native",2
"281","SM4C",2,"Striped Maple","control",5,0,0,1,0,4,0,0,1,"Native",5
"282","BB1C",2,"Sweet Birch","control",5,0,1,2,2,5,0,0,0,"Native",5
"283","WH2C",2,"Witch-hazel","control",5,0,0,1,3,2,0,0,1,"Native",5
"284","WH1C",2,"Witch-hazel","control",7,0,0,1,2,3,0,0,0,"Native",7
"285","MW4C",2,"Musclewood","control",9,0,0,2,0,3,3,0,0,"Native",9
"286","SM3B",2,"Striped Maple","bag",7,0,0,0,0,1,0,0,0,"Native",7
"287","AO2B",2,"Autumn Olive","bag",2,0,0,2,0,0,0,0,1,"Non-native",2
"288","SM4B",2,"Striped Maple","bag",17,1,0,0,2,6,0,0,0,"Native",17
"289","WE8C",2,"Burning Bush","control",3,1,0,1,0,3,0,0,1,"Non-native",3
"290","AO3B",2,"Autumn Olive","bag",9,0,2,3,1,0,0,0,0,"Non-native",9
"291","HS4B",2,"Honeysuckle","bag",9,1,1,0,1,1,4,0,0,"Non-native",9
"292","BY1B",2,"Barberry","bag",7,4,0,0,0,5,0,2,1,"Non-native",7
"293","AO3C",2,"Autumn Olive","control",2,0,1,4,0,1,0,0,0,"Non-native",2
"294","MW3C",2,"Musclewood","control",6,2,1,2,1,2,0,0,0,"Native",6
"295","WE8B",2,"Burning Bush","bag",9,1,0,1,0,3,0,0,0,"Non-native",9
"296","WH1B",2,"Witch-hazel","bag",13,3,2,1,1,3,0,0,1,"Native",13
"297","WE7C",2,"Burning Bush","control",6,0,1,2,0,1,0,0,0,"Non-native",6
"298","SM3C",2,"Striped Maple","control",2,1,0,1,1,1,0,0,0,"Native",2
"299","MW3B",2,"Musclewood","bag",4,1,0,1,0,1,1,0,0,"Native",4
"300","AB10B",2,"Beech","bag",10,1,1,1,1,5,0,0,1,"Native",10
"301","WH2B",2,"Witch-hazel","bag",9,0,2,2,1,1,0,0,0,"Native",9
"302","HS3B",2,"Honeysuckle","bag",4,0,0,1,0,4,0,1,0,"Non-native",4
"303","MW4B",2,"Musclewood","bag",11,1,1,2,0,3,1,0,0,"Native",11
"304","WE7B",2,"Burning Bush","bag",3,2,0,3,0,0,0,0,0,"Non-native",3
"305","HS3C",2,"Honeysuckle","control",3,1,2,0,0,1,0,0,1,"Non-native",3
"306","BY2B",2,"Barberry","bag",11,2,1,0,0,3,1,0,0,"Non-native",11
"307","BY2C",2,"Barberry","control",1,1,0,1,0,3,1,4,0,"Non-native",1
"308","BY1C",2,"Barberry","control",5,0,0,0,1,1,0,0,0,"Non-native",5
"309","SM5C",2,"Striped Maple","control",2,2,0,5,15,23,0,0,0,"Native",2
"310","AB2C",2,"Beech","control",4,0,7,1,3,0,0,0,1,"Native",4
"311","AB12B",2,"Beech","bag",4,0,0,6,1,4,1,0,0,"Native",4
"312","AB12C",2,"Beech","control",4,0,0,3,0,4,0,0,0,"Native",4
"313","AB2B",2,"Beech","bag",4,1,2,1,4,1,2,0,0,"Native",4
"314","AO4C",2,"Autumn Olive","control",3,0,0,0,1,6,0,0,0,"Non-native",3
"315","SM6C",2,"Striped Maple","control",5,0,0,5,1,1,1,0,0,"Native",5
"316","BB4C",2,"Sweet Birch","control",1,0,4,6,4,2,2,0,1,"Native",1
"317","BB4B",2,"Sweet Birch","bag",5,1,0,5,5,0,3,0,0,"Native",5
"318","BY5B",2,"Barberry","bag",7,2,2,1,1,6,0,0,0,"Non-native",7
"319","BY5C",2,"Barberry","control",9,0,1,2,3,0,0,0,0,"Non-native",9
"320","WH5C",2,"Witch-hazel","control",12,0,0,3,2,2,0,0,0,"Native",12
"321","AO4B",2,"Autumn Olive","bag",9,2,1,5,0,12,0,0,0,"Non-native",9
"322","SM5B",2,"Striped Maple","bag",7,2,0,3,1,11,0,0,0,"Native",7
"323","BB3C",2,"Sweet Birch","control",3,0,0,3,5,17,0,0,0,"Native",3
"324","WH5B",2,"Witch-hazel","bag",10,0,1,9,1,8,0,0,0,"Native",10
"325","SM6B",2,"Striped Maple","bag",21,1,0,4,0,5,0,0,0,"Native",21
"326","MW6C",2,"Musclewood","control",5,1,2,4,0,5,0,0,0,"Native",5
"327","BB3B",2,"Sweet Birch","bag",14,0,1,10,0,6,0,0,0,"Native",14
"328","AO5B",2,"Autumn Olive","bag",11,2,1,1,0,3,0,0,2,"Non-native",11
"329","BC1C",2,"Shadbush","control",1,0,0,2,3,4,0,0,0,"Native",1
"330","MW5C",2,"Musclewood","control",6,1,1,0,0,8,0,0,0,"Native",6
"331","AO5C",2,"Autumn Olive","control",4,0,2,0,0,5,0,0,0,"Non-native",4
"332","BC3B",2,"Shadbush","bag",4,0,1,1,1,5,0,0,0,"Native",4
"333","BC1B",2,"Shadbush","bag",3,1,0,2,4,5,0,0,0,"Native",3
"334","WH6C",2,"Witch-hazel","control",7,1,0,0,1,12,0,0,0,"Native",7
"335","WE2B",2,"Burning Bush","bag",10,0,0,4,0,8,1,0,0,"Non-native",10
"336","HS6C",2,"Honeysuckle","control",13,0,3,0,0,8,0,0,0,"Non-native",13
"337","HS5B",2,"Honeysuckle","bag",11,0,4,1,1,11,0,0,0,"Non-native",11
"338","WE2C",2,"Burning Bush","control",7,3,2,3,0,1,0,0,0,"Non-native",7
"339","HS5C",2,"Honeysuckle","control",12,0,0,2,0,4,0,0,1,"Non-native",12
"340","BY4C",2,"Barberry","control",5,3,1,0,1,6,0,0,0,"Non-native",5
"341","WE3B",2,"Burning Bush","bag",7,0,0,0,1,1,0,0,4,"Non-native",7
"342","WH6B",2,"Witch-hazel","bag",10,0,0,2,1,4,0,0,0,"Native",10
"343","BC3C",2,"Shadbush","control",4,1,0,0,1,14,0,0,0,"Native",4
"344","WE3C",2,"Burning Bush","control",8,0,3,3,0,6,0,0,2,"Non-native",8
"345","MW6B",2,"Musclewood","bag",13,0,0,5,3,3,0,0,0,"Native",13
"346","BY4B",2,"Barberry","bag",6,2,1,0,1,1,1,0,0,"Non-native",6
"347","HS6B",2,"Honeysuckle","bag",13,1,0,3,0,3,0,0,1,"Non-native",13
"348","MW5B",2,"Musclewood","bag",11,0,0,5,2,8,2,0,1,"Native",11
"349","WE5B",2,"Burning Bush","bag",9,0,1,7,0,1,1,0,2,"Non-native",9
"350","BB6B",2,"Sweet Birch","bag",7,1,0,0,5,2,0,0,1,"Native",7
"351","SM8C",2,"Striped Maple","control",3,0,0,3,2,2,1,0,1,"Native",3
"352","WE5C",2,"Burning Bush","control",10,0,2,3,0,4,0,0,0,"Non-native",10
"353","WH8B",2,"Witch-hazel","bag",2,1,0,10,1,0,0,0,0,"Native",2
"354","BB5C",2,"Sweet Birch","control",4,0,0,5,4,6,4,0,0,"Native",4
"355","BC2C",2,"Shadbush","control",1,0,0,0,1,12,0,0,0,"Native",1
"356","AB4C",2,"Beech","control",1,0,0,0,0,3,0,0,0,"Native",1
"357","AB4B",2,"Beech","bag",5,0,0,2,0,0,0,0,1,"Native",5
"358","MW8C",2,"Musclewood","control",2,2,1,9,0,13,1,0,1,"Native",2
"359","SM8B",2,"Striped Maple","bag",8,0,2,3,3,3,0,0,0,"Native",8
"360","AO7B",2,"Autumn Olive","bag",13,0,0,7,1,3,0,0,0,"Non-native",13
"361","AO7C",2,"Autumn Olive","control",2,0,1,2,1,0,0,0,0,"Non-native",2
"362","BC2B",2,"Shadbush","bag",1,0,0,4,3,9,0,0,2,"Native",1
"363","BC8B",2,"Shadbush","bag",3,2,2,2,1,2,0,0,1,"Native",3
"364","AB3C",2,"Beech","control",2,0,1,1,1,3,1,0,1,"Native",2
"365","MW7C",2,"Musclewood","control",8,1,2,4,0,4,0,0,0,"Native",8
"366","WH7B",2,"Witch-hazel","bag",25,2,1,5,1,6,0,0,0,"Native",25
"367","AO6C",2,"Autumn Olive","control",1,0,1,1,0,1,0,0,1,"Non-native",1
"368","BY9B",2,"Barberry","bag",11,1,3,2,1,14,0,0,0,"Non-native",11
"369","AO6B",2,"Autumn Olive","bag",2,2,1,2,0,4,0,0,0,"Non-native",2
"370","MW7B",2,"Musclewood","bag",13,0,1,1,1,8,0,0,0,"Native",13
"371","HS7C",2,"Honeysuckle","control",12,0,0,4,1,8,0,0,2,"Non-native",12
"372","HS8B",2,"Honeysuckle","bag",11,0,0,1,4,3,0,0,1,"Non-native",11
"373","BY3B",2,"Barberry","bag",9,0,1,1,3,4,0,0,0,"Non-native",9
"374","WE4B",2,"Burning Bush","bag",8,0,0,1,5,7,0,0,4,"Non-native",8
"375","BY9C",2,"Barberry","control",5,1,3,1,0,6,1,0,2,"Non-native",5
"376","HS7B",2,"Honeysuckle","bag",12,1,1,1,1,7,0,0,0,"Non-native",12
"377","HS8C",2,"Honeysuckle","control",6,0,2,2,0,3,0,0,1,"Non-native",6
"378","BB6C",2,"Sweet Birch","control",3,2,0,1,13,1,0,0,0,"Native",3
"379","WE4C",2,"Burning Bush","control",1,0,1,1,3,6,0,0,0,"Non-native",1
"380","BB5B",2,"Sweet Birch","bag",7,0,0,10,1,0,0,0,0,"Native",7
"381","WH8C",2,"Witch-hazel","control",2,1,2,7,6,1,1,0,0,"Native",2
"382","WH7C",2,"Witch-hazel","control",10,0,0,4,1,20,0,0,2,"Native",10
"383","BC8C",2,"Shadbush","control",1,0,1,0,0,2,0,0,0,"Native",1
"384","MW8B",2,"Musclewood","bag",4,0,0,3,0,6,1,0,0,"Native",4
"385","SM7C",2,"Striped Maple","control",0,2,3,3,2,0,1,0,0,"Native",0
"386","AB3B",2,"Beech","bag",4,2,2,2,1,2,0,0,0,"Native",4
"387","BY3C",2,"Barberry","control",7,4,2,0,1,4,1,0,0,"Non-native",7
"388","SM7B",2,"Striped Maple","bag",6,1,5,5,0,0,1,0,1,"Native",6
"389","BY10B",2,"Barberry","bag",8,0,0,0,0,11,0,0,0,"Non-native",8
"390","BY10C",2,"Barberry","control",4,0,0,0,1,1,0,0,0,"Non-native",4
"391","SM10C",2,"Striped Maple","control",3,0,0,2,1,1,0,0,0,"Native",3
"392","WE10C",2,"Burning Bush","control",3,0,0,4,0,2,0,0,0,"Non-native",3
"393","BC9C",2,"Shadbush","control",1,2,0,4,1,12,0,0,0,"Native",1
"394","WE10B",2,"Burning Bush","bag",9,0,0,6,0,0,0,0,0,"Non-native",9
"395","HS9B",2,"Honeysuckle","bag",6,3,0,6,1,8,1,0,0,"Non-native",6
"396","WH10C",2,"Witch-hazel","control",1,1,0,4,0,0,1,0,0,"Native",1
"397","MW10B",2,"Musclewood","bag",2,0,1,4,1,0,6,0,0,"Native",2
"398","MW10C",2,"Musclewood","control",0,3,0,3,3,3,1,0,0,"Native",0
"399","SM9C",2,"Striped Maple","control",0,0,0,1,2,0,0,0,0,"Native",0
"400","AB5C",2,"Beech","control",2,0,0,4,2,0,0,0,0,"Native",2
"401","SM9B",2,"Striped Maple","bag",5,1,1,1,0,1,0,0,0,"Native",5
"402","HS9C",2,"Honeysuckle","control",3,0,0,1,1,6,1,0,0,"Non-native",3
"403","WH9B",2,"Witch-hazel","bag",3,1,2,2,1,0,0,0,1,"Native",3
"404","BC9B",2,"Shadbush","bag",2,1,1,9,0,5,0,0,1,"Native",2
"405","WH10B",2,"Witch-hazel","bag",5,4,1,4,3,3,1,0,1,"Native",5
"406","WH9C",2,"Witch-hazel","control",1,0,1,3,0,2,2,0,0,"Native",1
"407","BB8B",2,"Sweet Birch","bag",1,0,0,4,1,1,0,0,0,"Native",1
"408","MW9C",2,"Musclewood","control",0,0,0,3,1,0,0,0,0,"Native",0
"409","BB7C",2,"Sweet Birch","control",2,0,0,5,0,3,0,0,0,"Native",2
"410","AB6C",2,"Beech","control",0,2,0,5,0,0,0,0,0,"Native",0
"411","BC10C",2,"Shadbush","control",0,1,0,6,1,4,0,0,1,"Native",0
"412","BB8C",2,"Sweet Birch","control",2,0,1,2,0,0,0,0,0,"Native",2
"413","AB5B",2,"Beech","bag",1,0,2,4,1,1,0,0,0,"Native",1
"414","AB6B",2,"Beech","bag",3,2,3,11,1,7,0,0,0,"Native",3
"415","SM10B",2,"Striped Maple","bag",5,0,0,2,1,1,0,0,0,"Native",5
"416","BC10B",2,"Shadbush","bag",1,2,0,3,0,3,0,0,0,"Native",1
"417","AO9C",2,"Autumn Olive","control",4,0,3,5,0,2,2,0,0,"Non-native",4
"418","WE6C",2,"Burning Bush","control",4,0,0,0,1,2,0,0,0,"Non-native",4
"419","AO10C",2,"Autumn Olive","control",3,0,0,2,2,5,0,0,2,"Non-native",3
"420","BY8C",2,"Barberry","control",9,0,0,2,2,3,0,0,0,"Non-native",9
"421","AO9B",2,"Autumn Olive","bag",13,0,1,4,0,3,0,0,2,"Non-native",13
"422","WE6B",2,"Burning Bush","bag",9,0,3,5,0,2,0,0,4,"Non-native",9
"423","AO10B",2,"Autumn Olive","bag",11,0,2,1,4,25,0,0,3,"Non-native",11
"424","HS10C",2,"Honeysuckle","control",11,0,0,2,1,3,0,0,1,"Non-native",11
"425","HS10B",2,"Honeysuckle","bag",19,0,0,2,1,4,0,0,1,"Non-native",19
"426","BY8B",2,"Barberry","bag",6,0,1,6,1,3,0,0,0,"Non-native",6
"427","BB7B",2,"Sweet Birch","bag",5,2,0,2,1,1,0,0,1,"Native",5
"428","MW9B",2,"Musclewood","bag",6,2,1,7,2,2,1,0,1,"Native",6
"429","WH11C",2,"Witch-hazel","control",2,0,1,7,1,4,0,0,0,"Native",2
"430","MW11B",2,"Musclewood","bag",5,0,1,1,0,9,1,0,0,"Native",5
"431","BC11B",2,"Shadbush","bag",3,0,1,4,5,4,0,0,0,"Native",3
"432","SM11C",2,"Striped Maple","control",2,0,0,8,2,1,0,0,0,"Native",2
"433","WH12C",2,"Witch-hazel","control",1,3,0,5,1,0,0,0,1,"Native",1
"434","BB9B",2,"Sweet Birch","bag",1,0,0,4,4,0,0,0,0,"Native",1
"435","BC12B",2,"Shadbush","bag",6,0,0,5,1,1,0,0,2,"Native",6
"436","BB10B",2,"Sweet Birch","bag",8,0,1,3,8,3,0,0,3,"Native",8
"437","SM11B",2,"Striped Maple","bag",3,1,0,3,1,1,0,0,0,"Native",3
"438","BC11C",2,"Shadbush","control",1,0,2,10,3,6,0,0,2,"Native",1
"439","AB8C",2,"Beech","control",1,0,0,4,0,0,0,0,1,"Native",1
"440","AB7B",2,"Beech","bag",5,1,0,5,0,0,0,0,1,"Native",5
"441","SM12C",2,"Striped Maple","control",0,0,0,0,4,0,0,0,1,"Native",0
"442","AB7C",2,"Beech","control",3,0,1,2,1,0,0,0,1,"Native",3
"443","BB9C",2,"Sweet Birch","control",0,0,2,1,0,1,0,0,0,"Native",0
"444","AO12B",2,"Autumn Olive","bag",3,0,0,0,2,2,0,0,0,"Non-native",3
"445","BB10C",2,"Sweet Birch","control",0,0,0,1,1,1,0,0,0,"Native",0
"446","SM12B",2,"Striped Maple","bag",0,0,0,8,0,2,0,0,0,"Native",0
"447","MW11C",2,"Musclewood","control",1,0,2,2,1,6,0,0,0,"Native",1
"448","AO12C",2,"Autumn Olive","control",9,0,0,1,0,0,0,0,0,"Non-native",9
"449","WE11C",2,"Burning Bush","control",7,0,1,1,1,2,2,0,2,"Non-native",7
"450","WH11B",2,"Witch-hazel","bag",3,6,0,1,1,0,0,0,0,"Native",3
"451","WH12B",2,"Witch-hazel","bag",3,1,1,6,1,1,1,0,1,"Native",3
"452","BC12C",2,"Shadbush","control",1,0,0,1,0,7,0,0,0,"Native",1
"453","AB8B",2,"Beech","bag",2,0,0,0,1,5,0,0,0,"Native",2
"454","MW12C",2,"Musclewood","control",8,2,5,2,1,5,0,0,0,"Native",8
"455","AO11C",2,"Autumn Olive","control",6,0,1,0,1,2,0,0,1,"Non-native",6
"456","WE11B",2,"Burning Bush","bag",12,3,1,1,1,8,1,0,1,"Non-native",12
"457","HS11C",2,"Honeysuckle","control",8,1,2,4,1,2,0,0,0,"Non-native",8
"458","HS11B",2,"Honeysuckle","bag",11,0,1,6,6,6,0,0,0,"Non-native",11
"459","HS12C",2,"Honeysuckle","control",4,0,1,0,1,9,0,0,0,"Non-native",4
"460","AO11B",2,"Autumn Olive","bag",13,0,1,1,1,3,2,0,1,"Non-native",13
"461","BY11C",2,"Barberry","control",6,0,0,0,1,1,0,0,0,"Non-native",6
"462","WE12C",2,"Burning Bush","control",6,0,0,1,0,4,1,0,0,"Non-native",6
"463","MW12B",2,"Musclewood","bag",6,0,1,4,0,9,1,0,0,"Native",6
"464","HS12B",2,"Honeysuckle","bag",6,2,0,2,8,14,0,0,0,"Non-native",6
"465","WE12B",2,"Burning Bush","bag",12,0,2,4,0,5,0,0,1,"Non-native",12
"466","BY11B",2,"Barberry","bag",16,1,2,2,0,4,0,0,0,"Non-native",16
"467","BY12B",2,"Barberry","bag",14,0,1,0,1,1,1,0,0,"Non-native",14
"468","BY12C",2,"Barberry","control",12,1,1,1,0,4,0,0,0,"Non-native",12
"469","WH4C",3,"Witch-hazel","control",5,0,1,7,0,5,5,0,0,"Native",5
"470","HS2C",3,"Honeysuckle","control",4,0,0,7,1,2,0,0,0,"Non-native",4
"471","WH4B",3,"Witch-hazel","bag",6,1,0,3,1,5,2,0,2,"Native",6
"472","BY7B",3,"Barberry","bag",4,0,0,1,1,4,0,0,0,"Non-native",4
"473","SM1B",3,"Striped Maple","bag",9,1,1,4,1,4,0,0,1,"Native",9
"474","BB12B",3,"Sweet Birch","bag",8,1,0,1,6,1,0,0,3,"Native",8
"475","WH3C",3,"Witch-hazel","control",6,0,1,1,5,3,0,0,0,"Native",6
"476","WE1C",3,"Burning Bush","control",4,0,2,0,4,5,2,0,0,"Non-native",4
"477","BB11C",3,"Sweet Birch","control",7,0,0,2,3,0,0,0,0,"Native",7
"478","BB12C",3,"Sweet Birch","control",3,0,0,0,0,1,0,0,4,"Native",3
"479","SM1C",3,"Striped Maple","control",3,0,0,1,1,1,0,0,0,"Native",3
"480","BY6C",3,"Barberry","control",3,0,0,0,0,5,0,0,0,"Non-native",3
"481","BC4C",3,"Shadbush","control",2,1,0,1,1,12,0,0,3,"Native",2
"482","BB11B",3,"Sweet Birch","bag",15,0,0,2,0,3,0,0,1,"Native",15
"483","AB1C",3,"Beech","control",6,0,0,0,0,2,0,0,0,"Native",6
"484","HS1C",3,"Honeysuckle","control",2,1,2,2,3,3,0,0,1,"Non-native",2
"485","AO8C",3,"Autumn Olive","control",10,0,0,5,0,4,0,0,1,"Non-native",10
"486","BY6B",3,"Barberry","bag",7,1,1,0,1,0,0,0,0,"Non-native",7
"487","WE9B",3,"Burning Bush","bag",9,0,0,2,1,4,1,0,1,"Non-native",9
"488","AO8B",3,"Autumn Olive","bag",12,1,0,1,1,13,0,0,2,"Non-native",12
"489","SM2B",3,"Striped Maple","bag",12,1,0,4,8,2,0,0,1,"Native",12
"490","SM2C",3,"Striped Maple","control",3,0,0,3,3,1,2,0,0,"Native",3
"491","MW2B",3,"Musclewood","bag",5,0,0,1,0,5,1,0,0,"Native",5
"492","WE9C",3,"Burning Bush","control",10,0,0,2,2,1,0,0,1,"Non-native",10
"493","MW1C",3,"Musclewood","control",6,0,0,1,0,2,0,0,0,"Native",6
"494","HS2B",3,"Honeysuckle","bag",12,0,0,2,1,8,0,0,4,"Non-native",12
"495","WH3B",3,"Witch-hazel","bag",5,0,3,3,1,0,0,0,0,"Native",5
"496","AO1B",3,"Autumn Olive","bag",10,1,0,2,6,5,0,0,1,"Non-native",10
"497","BY7C",3,"Barberry","control",6,0,0,1,0,1,0,0,0,"Non-native",6
"498","AB9C",3,"Beech","control",12,0,1,2,0,1,0,0,0,"Native",12
"499","AB1B",3,"Beech","bag",3,2,0,4,0,5,0,0,1,"Native",3
"500","AB9B",3,"Beech","bag",15,1,1,3,1,3,0,0,1,"Native",15
"501","MW1B",3,"Musclewood","bag",12,1,0,4,1,2,0,0,0,"Native",12
"502","AO1C",3,"Autumn Olive","control",5,0,3,3,0,8,0,0,0,"Non-native",5
"503","HS1B",3,"Honeysuckle","bag",2,0,0,3,1,4,0,0,0,"Non-native",2
"504","WE1B",3,"Burning Bush","bag",10,0,0,4,3,4,1,0,0,"Non-native",10
"505","BC4B",3,"Shadbush","bag",11,0,1,7,2,10,0,0,0,"Native",11
"506","MW2C",3,"Musclewood","control",6,1,0,2,0,6,0,0,0,"Native",6
"507","SM4C",3,"Striped Maple","control",19,1,1,4,1,8,0,0,2,"Native",19
"508","HS4C",3,"Honeysuckle","control",12,0,2,2,1,4,1,0,1,"Non-native",12
"509","SM3C",3,"Striped Maple","control",0,0,0,2,1,3,0,0,1,"Native",0
"510","AB10B",3,"Beech","bag",2,0,1,3,0,0,1,0,0,"Native",2
"511","SM3B",3,"Striped Maple","bag",7,2,0,1,2,2,0,0,1,"Native",7
"512","HS4B",3,"Honeysuckle","bag",15,3,5,8,2,10,2,1,1,"Non-native",15
"513","AB10C",3,"Beech","control",5,0,3,5,1,3,0,0,1,"Native",5
"514","AO3B",3,"Autumn Olive","bag",7,1,1,8,0,1,1,0,1,"Non-native",7
"515","BB1B",3,"Sweet Birch","bag",27,1,1,1,2,8,0,0,0,"Native",27
"516","AB11C",3,"Beech","control",2,0,1,4,3,1,0,0,0,"Native",2
"517","AB11B",3,"Beech","bag",6,0,5,4,4,2,1,0,0,"Native",6
"518","WH1B",3,"Witch-hazel","bag",17,1,12,14,4,2,1,0,0,"Native",17
"519","BB2B",3,"Sweet Birch","bag",2,0,1,1,3,2,2,0,3,"Native",2
"520","BB2C",3,"Sweet Birch","control",2,1,1,4,4,6,6,0,1,"Native",2
"521","BB1C",3,"Sweet Birch","control",5,0,1,2,1,8,0,0,0,"Native",5
"522","HS3C",3,"Honeysuckle","control",3,1,0,0,6,3,0,0,3,"Non-native",3
"523","AO2B",3,"Autumn Olive","bag",8,0,1,0,0,5,0,0,0,"Non-native",8
"524","SM4B",3,"Striped Maple","bag",9,1,0,5,2,5,0,0,2,"Native",9
"525","WH1C",3,"Witch-hazel","control",7,0,2,1,1,1,0,0,0,"Native",7
"526","MW4B",3,"Musclewood","bag",8,1,2,7,1,4,4,0,0,"Native",8
"527","HS3B",3,"Honeysuckle","bag",13,1,2,0,1,6,0,0,3,"Non-native",13
"528","BY2C",3,"Barberry","control",6,0,2,0,0,2,0,0,0,"Non-native",6
"529","BY1C",3,"Barberry","control",9,2,0,1,2,11,0,0,0,"Non-native",9
"530","AO2C",3,"Autumn Olive","control",4,1,1,1,1,4,1,0,0,"Non-native",4
"531","WE8B",3,"Burning Bush","bag",6,2,1,1,0,3,0,0,1,"Non-native",6
"532","AO3C",3,"Autumn Olive","control",1,1,1,4,0,1,1,0,0,"Non-native",1
"533","WH2C",3,"Witch-hazel","control",2,0,3,1,5,3,0,0,0,"Native",2
"534","MW3B",3,"Musclewood","bag",5,1,4,2,0,2,9,0,0,"Native",5
"535","MW4C",3,"Musclewood","control",6,1,4,1,1,3,4,0,1,"Native",6
"536","WE7C",3,"Burning Bush","control",4,1,2,0,0,2,0,0,0,"Non-native",4
"537","WE7B",3,"Burning Bush","bag",5,1,1,0,1,3,0,0,1,"Non-native",5
"538","BY1B",3,"Barberry","bag",10,1,4,0,7,8,1,0,0,"Non-native",10
"539","BY2B",3,"Barberry","bag",5,0,1,0,1,2,0,0,0,"Non-native",5
"540","MW3C",3,"Musclewood","control",2,2,2,6,2,8,2,0,0,"Native",2
"541","WE8C",3,"Burning Bush","control",2,0,0,0,0,2,0,0,1,"Non-native",2
"542","WH2B",3,"Witch-hazel","bag",10,2,5,2,6,1,1,0,2,"Native",10
"543","SM5C",3,"Striped Maple","control",4,1,0,3,19,14,0,0,0,"Native",4
"544","BC1B",3,"Shadbush","bag",3,2,1,3,1,3,0,0,0,"Native",3
"545","SM6B",3,"Striped Maple","bag",15,0,1,7,1,3,0,0,0,"Native",15
"546","WH6B",3,"Witch-hazel","bag",12,1,0,3,0,2,1,0,0,"Native",12
"547","AO4C",3,"Autumn Olive","control",2,0,1,4,0,1,0,0,0,"Non-native",2
"548","MW5B",3,"Musclewood","bag",11,0,2,5,3,12,2,0,1,"Native",11
"549","WH5C",3,"Witch-hazel","control",10,0,1,3,1,2,1,0,0,"Native",10
"550","MW5C",3,"Musclewood","control",8,0,0,2,0,5,1,0,0,"Native",8
"551","BB4B",3,"Sweet Birch","bag",11,0,3,2,4,5,2,0,1,"Native",11
"552","BC1C",3,"Shadbush","control",1,0,0,5,0,9,0,0,0,"Native",1
"553","BC3B",3,"Shadbush","bag",6,1,0,2,1,2,0,0,0,"Native",6
"554","AB2C",3,"Beech","control",1,1,1,3,1,3,0,0,0,"Native",1
"555","BY5B",3,"Barberry","bag",8,0,0,1,0,11,0,0,0,"Non-native",8
"556","SM5B",3,"Striped Maple","bag",5,1,0,2,3,0,0,0,0,"Native",5
"557","MW6C",3,"Musclewood","control",7,0,0,4,3,6,2,0,1,"Native",7
"558","BB4C",3,"Sweet Birch","control",4,1,0,3,1,2,0,0,0,"Native",4
"559","BC3C",3,"Shadbush","control",4,2,0,1,1,3,0,0,0,"Native",4
"560","AB2B",3,"Beech","bag",8,1,12,5,5,4,0,0,2,"Native",8
"561","HS5B",3,"Honeysuckle","bag",8,2,0,1,4,37,0,0,20,"Non-native",8
"562","AB12C",3,"Beech","control",1,0,1,2,0,2,0,0,0,"Native",1
"563","HS5C",3,"Honeysuckle","control",15,0,1,3,1,2,0,0,2,"Non-native",15
"564","HS6B",3,"Honeysuckle","bag",9,0,0,0,0,4,0,0,2,"Non-native",9
"565","HS6C",3,"Honeysuckle","control",9,0,0,0,1,7,0,0,0,"Non-native",9
"566","WH5B",3,"Witch-hazel","bag",9,0,1,0,2,2,1,0,1,"Native",9
"567","BB3B",3,"Sweet Birch","bag",5,1,0,4,2,4,0,0,3,"Native",5
"568","BY4B",3,"Barberry","bag",4,1,1,2,0,1,0,0,1,"Non-native",4
"569","BY4C",3,"Barberry","control",6,3,1,2,0,6,0,0,0,"Non-native",6
"570","SM6C",3,"Striped Maple","control",3,1,0,4,1,2,0,0,0,"Native",3
"571","AB12B",3,"Beech","bag",7,2,0,3,1,0,0,0,0,"Native",7
"572","WE2B",3,"Burning Bush","bag",5,0,0,2,0,3,0,0,0,"Non-native",5
"573","WE3B",3,"Burning Bush","bag",1,0,0,0,0,1,0,0,2,"Non-native",1
"574","BB3C",3,"Sweet Birch","control",2,0,0,4,4,7,1,0,1,"Native",2
"575","AO4B",3,"Autumn Olive","bag",4,0,0,3,0,2,0,0,0,"Non-native",4
"576","AO5B",3,"Autumn Olive","bag",16,0,0,3,1,10,0,0,0,"Non-native",16
"577","WE3C",3,"Burning Bush","control",1,0,1,2,0,3,0,0,1,"Non-native",1
"578","BY5C",3,"Barberry","control",0,0,0,1,0,2,0,0,0,"Non-native",0
"579","WE2C",3,"Burning Bush","control",3,0,1,0,0,4,0,0,0,"Non-native",3
"580","AO5C",3,"Autumn Olive","control",2,1,1,1,0,8,1,0,1,"Non-native",2
"581","MW6B",3,"Musclewood","bag",9,0,0,8,0,10,0,0,0,"Native",9
"582","WH6C",3,"Witch-hazel","control",4,0,1,3,6,1,0,0,0,"Native",4
"583","WH7B",3,"Witch-hazel","bag",14,1,1,2,1,5,1,0,0,"Native",14
"584","AO6B",3,"Autumn Olive","bag",5,0,0,0,0,4,0,0,2,"Non-native",5
"585","WE5B",3,"Burning Bush","bag",5,0,3,2,1,2,0,0,1,"Non-native",5
"586","BY3C",3,"Barberry","control",8,0,2,0,1,5,1,0,0,"Non-native",8
"587","BY9C",3,"Barberry","control",7,2,1,0,0,0,0,0,1,"Non-native",7
"588","BY3B",3,"Barberry","bag",8,0,1,3,0,3,1,0,0,"Non-native",8
"589","AO7B",3,"Autumn Olive","bag",4,0,1,1,0,6,0,0,0,"Non-native",4
"590","AO7C",3,"Autumn Olive","control",3,1,0,3,0,4,0,0,1,"Non-native",3
"591","WE4C",3,"Burning Bush","control",1,0,0,0,0,2,0,0,1,"Non-native",1
"592","HS7C",3,"Honeysuckle","control",10,1,0,0,0,10,0,0,0,"Non-native",10
"593","MW7B",3,"Musclewood","bag",11,0,0,4,0,8,0,0,0,"Native",11
"594","HS7B",3,"Honeysuckle","bag",12,1,0,1,0,10,0,0,2,"Non-native",12
"595","WE4B",3,"Burning Bush","bag",4,0,0,0,0,5,0,0,2,"Non-native",4
"596","WE5C",3,"Burning Bush","control",1,0,0,2,1,1,1,0,0,"Non-native",1
"597","MW7C",3,"Musclewood","control",1,1,0,0,0,1,0,0,0,"Native",1
"598","HS8B",3,"Honeysuckle","bag",4,0,0,3,0,3,0,0,1,"Non-native",4
"599","HS8C",3,"Honeysuckle","control",12,0,2,4,0,1,0,0,3,"Non-native",12
"600","AO6C",3,"Autumn Olive","control",4,0,0,4,1,3,0,0,0,"Non-native",4
"601","BY9B",3,"Barberry","bag",5,0,0,1,0,3,0,0,1,"Non-native",5
"602","MW8C",3,"Musclewood","control",1,1,0,4,0,3,0,0,0,"Native",1
"603","WH7C",3,"Witch-hazel","control",6,0,0,4,5,5,0,0,0,"Native",6
"604","MW8B",3,"Musclewood","bag",0,0,1,2,1,2,1,0,0,"Native",0
"605","BB6B",3,"Sweet Birch","bag",18,2,0,1,0,7,0,0,3,"Native",18
"606","SM7B",3,"Striped Maple","bag",6,1,1,1,1,2,2,0,0,"Native",6
"607","SM7C",3,"Striped Maple","control",2,0,1,3,0,1,0,0,0,"Native",2
"608","SM8B",3,"Striped Maple","bag",10,2,1,0,3,1,0,0,2,"Native",10
"609","SM8C",3,"Striped Maple","control",1,0,2,0,3,6,0,0,1,"Native",1
"610","BB5B",3,"Sweet Birch","bag",7,1,2,5,0,1,4,0,0,"Native",7
"611","BB5C",3,"Sweet Birch","control",1,1,0,3,0,1,6,0,0,"Native",1
"612","AB3B",3,"Beech","bag",7,0,6,1,0,2,0,0,1,"Native",7
"613","WH8C",3,"Witch-hazel","control",5,1,3,8,4,2,2,0,0,"Native",5
"614","WH8B",3,"Witch-hazel","bag",7,2,0,1,1,1,0,0,0,"Native",7
"615","AB4C",3,"Beech","control",2,0,3,2,0,1,0,0,0,"Native",2
"616","AB4B",3,"Beech","bag",6,1,1,0,0,1,0,0,2,"Native",6
"617","AB3C",3,"Beech","control",2,0,2,0,0,0,0,0,0,"Native",2
"618","BC8B",3,"Shadbush","bag",5,2,0,3,0,1,0,0,1,"Native",5
"619","BC8C",3,"Shadbush","control",0,1,1,3,6,2,0,0,0,"Native",0
"620","BC2C",3,"Shadbush","control",2,0,1,1,1,10,0,0,1,"Native",2
"621","BB6C",3,"Sweet Birch","control",4,2,0,6,9,0,0,0,0,"Native",4
"622","BC2B",3,"Shadbush","bag",4,1,0,1,3,9,0,0,0,"Native",4
"623","AO10B",3,"Autumn Olive","bag",8,3,0,1,0,6,0,0,2,"Non-native",8
"624","MW9B",3,"Musclewood","bag",6,1,0,4,0,2,5,0,2,"Native",6
"625","BB7B",3,"Sweet Birch","bag",3,1,1,0,0,1,0,0,2,"Native",3
"626","BY8B",3,"Barberry","bag",6,0,2,1,0,6,0,0,0,"Non-native",6
"627","HS9B",3,"Honeysuckle","bag",15,0,0,13,1,7,0,0,0,"Non-native",15
"628","BB8B",3,"Sweet Birch","bag",7,1,2,2,0,2,1,0,0,"Native",7
"629","SM9B",3,"Striped Maple","bag",3,1,2,3,0,0,0,0,1,"Native",3
"630","AO10C",3,"Autumn Olive","control",104,0,0,0,1,10,0,0,0,"Non-native",104
"631","MW9C",3,"Musclewood","control",2,0,2,1,3,1,11,0,0,"Native",2
"632","SM9C",3,"Striped Maple","control",1,0,0,1,0,0,0,0,0,"Native",1
"633","WH9B",3,"Witch-hazel","bag",6,1,0,1,1,2,0,0,1,"Native",6
"634","AB5C",3,"Beech","control",7,0,1,2,0,2,0,0,0,"Native",7
"635","WH10C",3,"Witch-hazel","control",1,1,0,2,0,0,0,0,0,"Native",1
"636","WH10B",3,"Witch-hazel","bag",9,2,0,7,0,1,0,0,1,"Native",9
"637","WE10C",3,"Burning Bush","control",3,0,0,0,0,0,0,0,0,"Non-native",3
"638","MW10C",3,"Musclewood","control",4,3,0,2,1,5,1,0,0,"Native",4
"639","HS10C",3,"Honeysuckle","control",16,1,0,0,0,10,0,0,2,"Non-native",16
"640","MW10B",3,"Musclewood","bag",7,0,6,1,1,6,1,0,0,"Native",7
"641","BB8C",3,"Sweet Birch","control",1,0,0,0,0,5,0,0,0,"Native",1
"642","BY10B",3,"Barberry","bag",6,0,0,0,0,10,0,0,0,"Non-native",6
"643","WE6B",3,"Burning Bush","bag",12,0,2,0,0,4,0,0,1,"Non-native",12
"644","BY10C",3,"Barberry","control",0,0,0,1,0,1,0,0,0,"Non-native",0
"645","WE6C",3,"Burning Bush","control",2,0,1,8,1,2,0,0,0,"Non-native",2
"646","BY8C",3,"Barberry","control",5,1,1,3,0,1,0,0,0,"Non-native",5
"647","SM10B",3,"Striped Maple","bag",8,1,3,0,1,4,0,0,1,"Native",8
"648","HS9C",3,"Honeysuckle","control",7,0,0,0,0,5,0,0,0,"Non-native",7
"649","AB6C",3,"Beech","control",5,1,0,1,1,7,0,0,0,"Native",5
"650","AO9B",3,"Autumn Olive","bag",12,5,0,0,0,12,0,0,0,"Non-native",12
"651","SM10C",3,"Striped Maple","control",2,1,1,3,1,0,0,0,0,"Native",2
"652","BC9B",3,"Shadbush","bag",3,1,0,1,0,4,0,0,3,"Native",3
"653","BB7C",3,"Sweet Birch","control",3,1,0,1,0,0,0,0,0,"Native",3
"654","BC10C",3,"Shadbush","control",4,0,0,0,2,2,0,0,2,"Native",4
"655","BC9C",3,"Shadbush","control",1,0,0,1,0,2,0,0,1,"Native",1
"656","AB6B",3,"Beech","bag",21,3,1,6,2,1,0,0,1,"Native",21
"657","WH9C",3,"Witch-hazel","control",2,2,0,0,0,3,0,0,0,"Native",2
"658","WE10B",3,"Burning Bush","bag",4,1,0,3,1,4,0,0,2,"Non-native",4
"659","HS10B",3,"Honeysuckle","bag",17,0,0,1,0,6,0,0,0,"Non-native",17
"660","BC10B",3,"Shadbush","bag",6,3,0,5,0,3,0,0,0,"Native",6
"661","AB5B",3,"Beech","bag",4,0,1,2,1,0,0,0,0,"Native",4
"662","AO9C",3,"Autumn Olive","control",7,0,0,0,0,4,1,0,0,"Non-native",7
"663","SM11B",3,"Striped Maple","bag",1,0,4,27,1,2,0,0,2,"Native",1
"664","SM11C",3,"Striped Maple","control",1,0,1,3,4,0,0,0,0,"Native",1
"665","SM12B",3,"Striped Maple","bag",2,3,1,15,3,2,0,0,0,"Native",2
"666","SM12C",3,"Striped Maple","control",1,0,1,3,3,0,0,0,0,"Native",1
"667","MW12B",3,"Musclewood","bag",6,2,0,1,0,5,0,0,0,"Native",6
"668","BC12C",3,"Shadbush","control",2,0,1,1,0,3,0,0,0,"Native",2
"669","BC12B",3,"Shadbush","bag",2,1,1,3,1,3,0,0,2,"Native",2
"670","MW11C",3,"Musclewood","control",3,4,0,6,1,2,0,0,0,"Native",3
"671","BC11C",3,"Shadbush","control",6,2,1,9,2,0,0,0,0,"Native",6
"672","AB7C",3,"Beech","control",1,0,2,4,1,1,0,0,0,"Native",1
"673","MW12C",3,"Musclewood","control",8,0,2,3,0,1,0,0,0,"Native",8
"674","WH11B",3,"Witch-hazel","bag",5,1,0,2,3,3,0,0,1,"Native",5
"675","MW11B",3,"Musclewood","bag",10,2,3,2,0,1,1,0,1,"Native",10
"676","BB10B",3,"Sweet Birch","bag",12,3,4,6,2,4,0,0,0,"Native",12
"677","AB8C",3,"Beech","control",3,0,2,13,1,1,0,0,1,"Native",3
"678","AB8B",3,"Beech","bag",1,0,2,11,2,1,0,0,1,"Native",1
"679","BC11B",3,"Shadbush","bag",4,2,1,12,1,1,0,0,2,"Native",4
"680","AO11B",3,"Autumn Olive","bag",13,0,0,0,0,3,0,0,0,"Non-native",13
"681","BY11C",3,"Barberry","control",3,0,1,0,0,2,0,0,0,"Non-native",3
"682","BB9B",3,"Sweet Birch","bag",4,1,1,6,1,1,0,0,1,"Native",4
"683","AB7B",3,"Beech","bag",5,0,2,10,1,0,0,0,1,"Native",5
"684","BB10C",3,"Sweet Birch","control",2,0,0,1,2,1,0,0,0,"Native",2
"685","WH12B",3,"Witch-hazel","bag",1,2,9,10,1,5,0,0,0,"Native",1
"686","WH11C",3,"Witch-hazel","control",5,0,2,2,0,1,0,0,1,"Native",5
"687","WH12C",3,"Witch-hazel","control",8,0,0,3,0,2,0,0,0,"Native",8
"688","HS11B",3,"Honeysuckle","bag",4,1,0,3,2,5,0,1,2,"Non-native",4
"689","WE11B",3,"Burning Bush","bag",10,1,1,1,5,5,0,0,1,"Non-native",10
"690","HS11C",3,"Honeysuckle","control",4,3,2,7,1,3,0,0,0,"Non-native",4
"691","AO11C",3,"Autumn Olive","control",5,0,1,0,0,4,0,0,0,"Non-native",5
"692","BY12C",3,"Barberry","control",7,0,0,1,2,1,0,1,0,"Non-native",7
"693","WE11C",3,"Burning Bush","control",11,0,1,2,0,5,0,0,0,"Non-native",11
"694","AO12C",3,"Autumn Olive","control",17,1,0,1,0,3,1,0,0,"Non-native",17
"695","WE12C",3,"Burning Bush","control",4,1,0,2,2,1,0,0,0,"Non-native",4
"696","BY11B",3,"Barberry","bag",4,1,2,1,1,3,0,2,0,"Non-native",4
"697","HS12C",3,"Honeysuckle","control",7,0,0,7,2,9,0,0,1,"Non-native",7
"698","WE12B",3,"Burning Bush","bag",6,1,2,6,0,0,0,0,0,"Non-native",6
"699","AO12B",3,"Autumn Olive","bag",1,0,0,2,6,0,0,0,0,"Non-native",1
"700","HS12B",3,"Honeysuckle","bag",5,0,0,6,4,17,0,13,0,"Non-native",5
"701","BY12B",3,"Barberry","bag",7,0,0,0,0,4,0,18,0,"Non-native",7
"702","BB9C",3,"Sweet Birch","control",0,0,0,3,1,0,0,0,0,"Native",0
